title,price,location,URL
LUXURY 1x1 BEDROOM APARTMETNS,"2,045",oakland downtown,https://sfbay.craigslist.org/eby/apa/d/oakland-luxury-1x1-bedroom-apartmetns/7712447990.html
Packard Lofts! Across Street From YMCA! Next To Drakes!,"2,597",oakland downtown,https://sfbay.craigslist.org/eby/apa/d/oakland-packard-lofts-across-street/7709607971.html
Horse Ranch on 5 acres in West Cotati,"6,000",rohnert pk / cotati,https://sfbay.craigslist.org/nby/apa/d/rohnert-park-horse-ranch-on-acres-in/7712459929.html
"Remodeled 2bed, within Walking Distance to CSU East Bay! Parking!","2,250",hayward / castro valley,https://sfbay.craigslist.org/eby/apa/d/hayward-remodeled-2bed-within-walking/7712425422.html
"In-Home Washer & Dryer, High-Speed Internet Access","2,372",san rafael,https://sfbay.craigslist.org/nby/apa/d/san-rafael-in-home-washer-dryer-high/7710487371.html
"Wonderful 999 sqft, 2 bed, 2 bath floorplan in Fremont","3,047",fremont / union city / newark,https://sfbay.craigslist.org/eby/apa/d/fremont-wonderful-999-sqft-bed-bath/7705443481.html
Free Month!! Spacious 1 bedroom AVAILABLE NOW!!!,"2,395",lower nob hill,https://sfbay.craigslist.org/sfc/apa/d/san-francisco-free-month-spacious/7712456844.html
Just right for you! A gorgeous 1 bed 1 bath apartment awaits!,"2,559",fremont / union city / newark,https://sfbay.craigslist.org/eby/apa/d/fremont-just-right-for-you-gorgeous-bed/7710422803.html
Packard Lofts! Across Street From YMCA! Next To Drakes!,"3,252",oakland downtown,https://sfbay.craigslist.org/eby/apa/d/oakland-packard-lofts-across-street/7707168985.html
1227 1/2 Park Ave - 1 bedroom | 1 bath | Cottage,"2,395",alameda,https://sfbay.craigslist.org/eby/apa/d/oakland-park-ave-bedroom-bath-cottage/7712459506.html
REMODELED huge studio with HARDWOOD FLOORS across from Lake Merrit,"1,850",oakland lake merritt / grand,https://sfbay.craigslist.org/eby/apa/d/oakland-remodeled-huge-studio-with/7711647768.html
Minutes to Castro Street!,"3,195",mountain view,https://sfbay.craigslist.org/sby/apa/d/mountain-view-minutes-to-castro-street/7712459441.html
Remodeled studio w/ Bay View in prime Pacific Heights HARDWOOD FLOORS!,"2,850",pacific heights,https://sfbay.craigslist.org/sfc/apa/d/san-francisco-remodeled-studio-bay-view/7710633528.html
Don't miss out! Incredible move in deal on this 2 bed 1 bath!,"2,670",dublin / pleasanton / livermore,https://sfbay.craigslist.org/eby/apa/d/pleasanton-dont-miss-out-incredible/7711804687.html
Top Floor Apartment Available with Roof Access,"3,000",richmond / seacliff,https://sfbay.craigslist.org/sfc/apa/d/san-francisco-top-floor-apartment/7712458980.html
"FIRST FLOOR 1 bedroom||Spacious, View of Pool","2,394",milpitas,https://sfbay.craigslist.org/sby/apa/d/milpitas-first-floor-bedroomspacious/7712459191.html
SPACIOUS FLOOR PLANS WITH PATIOS AND BALCONIES,"2,633",santa rosa,https://sfbay.craigslist.org/nby/apa/d/santa-rosa-spacious-floor-plans-with/7710214024.html
"Walking Distance to Lake Merritt, Historical Building, PET FRIENDLY!!","1,566",oakland lake merritt / grand,https://sfbay.craigslist.org/eby/apa/d/oakland-walking-distance-to-lake/7712459158.html
"Exciting Urban Living! - Trendy Loft, Downtown Oakland!","2,163",oakland downtown,https://sfbay.craigslist.org/eby/apa/d/oakland-exciting-urban-living-trendy/7709608565.html
"A Must See, Shaker-style Cabinetry, Spa-inspired Baths","3,609",larkspur,https://sfbay.craigslist.org/nby/apa/d/greenbrae-must-see-shaker-style/7712459030.html
CHINATOWN - 3 Bedroom/1.5 Bathroom Apartment,"4,000",city of san francisco,https://sfbay.craigslist.org/sfc/apa/d/san-francisco-chinatown-bedroom-15/7712459015.html
See what our residents are raving about!,"1,999",fairfield / vacaville,https://sfbay.craigslist.org/eby/apa/d/fairfield-see-what-our-residents-are/7708877489.html
"Right on public transit, for easy commuting! The Henley Apartment Homes","1,999",fairfield / vacaville,https://sfbay.craigslist.org/eby/apa/d/fairfield-right-on-public-transit-for/7707303825.html
"Valet parking, Bike Storage & Repair, Reception lobby bar and caf√©","6,754",SOMA / south beach,https://sfbay.craigslist.org/sfc/apa/d/san-francisco-valet-parking-bike/7703577946.html
2368 Via Espada - 4 Bedroom - 2 Bath - 4th feb Now!,"4,250","2368 Via Espada, Pleasanton, CA",https://sfbay.craigslist.org/pen/apa/d/pleasanton-2368-via-espada-bedroom-bath/7712447936.html
"Studio/1B, Parking Type: Garage Lot, Underground Parking","3,345",palo alto,https://sfbay.craigslist.org/pen/apa/d/palo-alto-studio-1b-parking-type-garage/7711782762.html
"1/bd 1/ba, Washer and Dryer in Home, Balcony or Patio","2,240",concord / pleasant hill / martinez,https://sfbay.craigslist.org/eby/apa/d/pleasant-hill-bd-ba-washer-and-dryer-in/7711126010.html
Serene private mountain house 30 minutes from town,"2,900",los gatos,https://sfbay.craigslist.org/sby/apa/d/brookdale-serene-private-mountain-house/7705219835.html
CHINATOWN - Studio Apartment near Financial District & North Beach,"1,700",China Town,https://sfbay.craigslist.org/sfc/apa/d/san-francisco-chinatown-studio/7712458566.html
Serene private house close to town,"2,900",boulder creek,https://sfbay.craigslist.org/scz/apa/d/brookdale-serene-private-house-close-to/7705217615.html
"Parking, Package Receiving, Swimming Pool","3,012",pacifica,https://sfbay.craigslist.org/pen/apa/d/daly-city-parking-package-receiving/7705849452.html
1/BD apt :: Mountain View area :: Spacious living room :: 6 WEEKS FREE,"2,495",mountain view,https://sfbay.craigslist.org/sby/apa/d/los-altos-bd-apt-mountain-view-area/7711150245.html
"Large Closets, Off-Leash Bark Parks, Lux Everywhere","3,911",sunnyvale,https://sfbay.craigslist.org/sby/apa/d/sunnyvale-large-closets-off-leash-bark/7712458324.html
"1/BD 1/BA, Dishwasher, Located in Hayward","2,295",hayward / castro valley,https://sfbay.craigslist.org/eby/apa/d/hayward-bd-ba-dishwasher-located-in/7708425595.html
"Comes With Garage, Fitness Center, Window Coverings, Pet Friendly","3,405",fremont / union city / newark,https://sfbay.craigslist.org/eby/apa/d/fremont-comes-with-garage-fitness/7705653279.html
"TOP FLOOR CORNER 1x1 - Completely Modernized Unit, Incredibly Walkable","2,195",oakland piedmont / montclair,https://sfbay.craigslist.org/eby/apa/d/oakland-top-floor-corner-1x1-completely/7712452412.html
3x2 Unit - In A Beautiful Community Available Now!! Call Now To Tour!!,"2,895",santa clara,https://sfbay.craigslist.org/sby/apa/d/san-jose-3x2-unit-in-beautiful/7712458111.html
"Patio/Balcony, Dishwasher, 1bd 1ba.","2,045",berkeley,https://sfbay.craigslist.org/eby/apa/d/berkeley-patio-balcony-dishwasher-1bd/7712454491.html
*UP TO 6 WEEKS OFF* Enjoy Luxurious Living in the 2BR/2BA Apartment!!,"4,900",downtown / civic / van ness,https://sfbay.craigslist.org/sfc/apa/d/san-francisco-up-to-weeks-off-enjoy/7712457984.html
‚àÜ ‚àÜ ‚àÜ Burlingame Garden Apartment ‚àÜ ‚àÜ ‚àÜ,"2,300",burlingame,https://sfbay.craigslist.org/pen/apa/d/san-mateo-burlingame-garden-apartment/7711498207.html
Rockridge studio - newly renovated,"1,975",oakland rockridge / claremont,https://sfbay.craigslist.org/eby/apa/d/oakland-rockridge-studio-newly-renovated/7712457800.html
5 bed 4 bath home,"6,500",oakland hills / mills,https://sfbay.craigslist.org/eby/apa/d/oakland-bed-bath-home/7712457762.html
1 Large Bedroom House,"2,000",richmond / point / annex,https://sfbay.craigslist.org/eby/apa/d/richmond-large-bedroom-house/7712457323.html
"Courtyard Settings, Blinds, Ceiling Fan","2,078",alameda,https://sfbay.craigslist.org/eby/apa/d/san-lorenzo-courtyard-settings-blinds/7709128922.html
"$7,400 / 4br - 1600ft2 - HOME 4 RENT / ORINDA $7400","7,400",lafayette / orinda / moraga,https://sfbay.craigslist.org/eby/apa/d/moraga-br-ft2-home-rent-orinda-7400/7703003888.html
Senior Community (62+) with Pool & Fitness Center!,"1,720",gilroy,https://sfbay.craigslist.org/sby/apa/d/gilroy-senior-community-62-with-pool/7708148753.html
"*/Charming 2BR/1BA Unit, Ideal Location, W/D, Parking, Pets OK.","1,850",daly city,https://sfbay.craigslist.org/pen/apa/d/daly-city-charming-2br-1ba-unit-ideal/7712449363.html
1 BD-Gated Senior Community,"1,720",gilroy,https://sfbay.craigslist.org/sby/apa/d/gilroy-bd-gated-senior-community/7708147673.html
Remodeled Studio at Peninsula Place w/Pool Includes Water and Garbage,"2,200",san bruno,https://sfbay.craigslist.org/pen/apa/d/san-bruno-remodeled-studio-at-peninsula/7712452194.html
_üîë 2 BED/1 BATH- GROUND FLOOR/SEC 8 READY!,"2,400",oakland east,https://sfbay.craigslist.org/eby/apa/d/oakland-bed-bath-ground-floor-sec-ready/7712456813.html
"1 month FREE! 2 bedroom, W/D, free parking, along The Alameda","3,666",san jose downtown,https://sfbay.craigslist.org/sby/apa/d/san-jose-month-free-bedroom-d-free/7712456484.html
271 Santa Clara :: Top Floor 2x1 w/ Balcony & Garage!,"2,395",oakland lake merritt / grand,https://sfbay.craigslist.org/eby/apa/d/oakland-271-santa-clara-top-floor-2x1/7712452172.html
"***** San Mateo, Rancher *****","4,850",san mateo,https://sfbay.craigslist.org/pen/apa/d/redwood-city-san-mateo-rancher/7705842664.html
SAVE 2 WEEKS FREE TODAY!! 1 Bedroom/ 1 Bathroom Sky Available!,"3,929",san jose south,https://sfbay.craigslist.org/sby/apa/d/san-jose-save-weeks-free-today-bedroom/7711846814.html
1 bedroom/1 bath  Alamo/Walnut Creek Border,"1,900",walnut creek,https://sfbay.craigslist.org/eby/apa/d/walnut-creek-bedroom-bath-alamo-walnut/7712456194.html
Beautiful Senior Community with Affordable Rates-1Bedroom,"1,720",gilroy,https://sfbay.craigslist.org/sby/apa/d/gilroy-beautiful-senior-community-with/7708149387.html
Studio available at Crown Colony!,"2,000",daly city,https://sfbay.craigslist.org/pen/apa/d/daly-city-studio-available-at-crown/7703809043.html
Studio Unit at Crown Colony!,"2,000",daly city,https://sfbay.craigslist.org/pen/apa/d/daly-city-studio-unit-at-crown-colony/7706291554.html
Studio available at Crown Colony,"2,200",daly city,https://sfbay.craigslist.org/pen/apa/d/daly-city-studio-available-at-crown/7711493585.html
COME FOR A VISIT. STAY FOIR A WHILE. HUIGE 2 BEDROOM AVAILABLE NOW,"3,472",cupertino,https://sfbay.craigslist.org/sby/apa/d/cupertino-come-for-visit-stay-foir/7710466930.html
"Leasing Now, Controlled Access, Cats and Dogs OK","3,196",mountain view,https://sfbay.craigslist.org/pen/apa/d/mountain-view-leasing-now-controlled/7712455555.html
2 bed 2 bath top floor condo for lease in Santa Clara.,"2,900",santa clara,https://sfbay.craigslist.org/sby/apa/d/santa-clara-bed-bath-top-floor-condo/7712455426.html
"Patio Storage, State of the Art Fitness Center","2,054",danville / san ramon,https://sfbay.craigslist.org/eby/apa/d/dublin-patio-storage-state-of-the-art/7712455402.html
Great Fully Furnished Studio-Livermore: Pet Friendly! Near Freeway!,"2,040",alameda,https://sfbay.craigslist.org/eby/apa/d/pleasanton-great-fully-furnished-studio/7712455301.html
Spacious One Bedroom Apartments Available Now!,"4,299",russian hill,https://sfbay.craigslist.org/sfc/apa/d/san-francisco-spacious-one-bedroom/7712455284.html
"Located apartment located in Chinatown, near FIDI  & North","1,750",China Town,https://sfbay.craigslist.org/sfc/apa/d/san-francisco-located-apartment-located/7712455095.html
"Visit Your New Home, City and Bay Views, Hardwood Floors","4,503",lower nob hill,https://sfbay.craigslist.org/sfc/apa/d/san-francisco-visit-your-new-home-city/7712450192.html
"Elegant, contemporary,Laundry,Pets (2440 8th Ave #15)","2,250",oakland lake merritt / grand,https://sfbay.craigslist.org/eby/apa/d/oakland-elegant-contemporarylaundrypets/7712455073.html
"2ba Gorgeous Spacious Penthouse, Two Decks,W/D,Pet(366 Bellevue #402)","3,950",oakland lake merritt / grand,https://sfbay.craigslist.org/eby/apa/d/oakland-2ba-gorgeous-spacious-penthouse/7712454940.html
Freshly remodeled studio,"1,500",San Jose,https://sfbay.craigslist.org/sby/apa/d/san-jose-freshly-remodeled-studio/7712449181.html
"1st Floor 1BR/1BA,Deck,Shared laundry,Parking(366 Bellevue #106)","1,950",oakland lake merritt / grand,https://sfbay.craigslist.org/eby/apa/d/oakland-1st-floor-1br-1badeckshared/7712454805.html
"Swimming Pools, Cable Ready, Oak Cabinetry","2,595",san jose south,https://sfbay.craigslist.org/sby/apa/d/san-jose-swimming-pools-cable-ready-oak/7710411911.html
"2BR/1BA.Shared Laundry, Elevator,Pets(1918 Lakeshore#27)","2,450",oakland lake merritt / grand,https://sfbay.craigslist.org/eby/apa/d/oakland-2br-1bashared-laundry/7712454678.html
"Beautiful, fourth floor 2BR/1BA on Lake Merritt's(1918 Lakeshore #47)","2,450",oakland lake merritt / grand,https://sfbay.craigslist.org/eby/apa/d/oakland-beautiful-fourth-floor-2br-1ba/7712454553.html
1 Month Free!  Huge WFH Space!  Live/Work Loft!,"3,632",Emeryville,https://sfbay.craigslist.org/eby/apa/d/emeryville-month-free-huge-wfh-space/7712454435.html
Spacious Floor Plan,"4,000",Lafayette,https://sfbay.craigslist.org/eby/apa/d/lafayette-spacious-floor-plan/7712450299.html
"Shhh, its a secret! Select 2b2b are only $3585!! Stop by today!","3,585",fremont / union city / newark,https://sfbay.craigslist.org/eby/apa/d/fremont-shhh-its-secret-select-2b2b-are/7712454360.html
Brand New Senior Apartments OPEN HOUSE 1/30/24 & 2/2/24!!!,"1,598",danville / san ramon,https://sfbay.craigslist.org/eby/apa/d/dublin-brand-new-senior-apartments-open/7712441081.html
"2bd 2ba, Swimming Pool, Fitness Center","2,617",fremont / union city / newark,https://sfbay.craigslist.org/eby/apa/d/fremont-2bd-2ba-swimming-pool-fitness/7711121536.html
1 bedroom granny unit with yard and storage AVAILABLE NOW,"2,000",Santa Rosa near Coddingtown Mall,https://sfbay.craigslist.org/nby/apa/d/santa-rosa-bedroom-granny-unit-with/7712454227.html
"Beautiful, lush landscaping, Exquisite Apartment Style Living.","3,255",fremont / union city / newark,https://sfbay.craigslist.org/eby/apa/d/fremont-beautiful-lush-landscaping/7712454211.html
fully renovated 2 bed 1 bath,"3,395",santa cruz,https://sfbay.craigslist.org/scz/apa/d/santa-cruz-fully-renovated-bed-bath/7712454143.html
"#341 ~ Modern Amenities, Smoke Free, Yoga Studio","4,294",foster city,https://sfbay.craigslist.org/pen/apa/d/san-mateo-341-modern-amenities-smoke/7712454086.html
THIS 3X1.5 APARTMENT HAS UPGRADED APPLIANCES,"3,778",san jose south,https://sfbay.craigslist.org/sby/apa/d/san-jose-this-3x15-apartment-has/7712454069.html
"Clubroom, Lease Today, Professionally Managed","4,412",danville / san ramon,https://sfbay.craigslist.org/eby/apa/d/danville-clubroom-lease-today/7712454038.html
Large Three Bedrooms Available/766 Sutter,"3,400",lower nob hill,https://sfbay.craigslist.org/sfc/apa/d/san-francisco-large-three-bedrooms/7712450932.html
"in Milpitas CA, 1/BD, Hardwood Floors","2,375",milpitas,https://sfbay.craigslist.org/sby/apa/d/milpitas-in-milpitas-ca-bd-hardwood/7705600892.html
"Close to Dog Park, Spa/Hot Tub, 2 bedroom","3,587",san jose north,https://sfbay.craigslist.org/sby/apa/d/san-jose-close-to-dog-park-spa-hot-tub/7710434491.html
"Ground Floor 2 bedroom 1 bath! Apply Today, Let's Move You In!","2,513",dublin / pleasanton / livermore,https://sfbay.craigslist.org/eby/apa/d/pleasanton-ground-floor-bedroom-bath/7712453685.html
"Cable and High-Speed Internet Ready, On-Site Maintenance, Pet Wash","3,513",berkeley,https://sfbay.craigslist.org/eby/apa/d/berkeley-cable-and-high-speed-internet/7712446556.html
"Remodeled,Pets Cons,Laundry,Pet considered(633 Alma#8)","2,350",oakland lake merritt / grand,https://sfbay.craigslist.org/eby/apa/d/oakland-remodeledpets-conslaundrypet/7712453490.html
"Amazing 2 bed 2 baths, newly renovated, stainless steel appliances","3,809",sunnyvale,https://sfbay.craigslist.org/sby/apa/d/sunnyvale-amazing-bed-baths-newly/7712453369.html
"1BR/1BA Cleveland Heights,Laundry,Pets(633 Alma #12)","2,150",oakland lake merritt / grand,https://sfbay.craigslist.org/eby/apa/d/oakland-1br-1ba-cleveland/7712453346.html
Furnished Studio - Great Monthly Rates!Take advantage of ou,"2,190",danville / san ramon,https://sfbay.craigslist.org/eby/apa/d/san-ramon-furnished-studio-great/7712453274.html
"2X2 - BEAUTIFUL, FULLY RENOVATED, SPACIOUS, AND PERFECTLY LOCATED!","3,600",campbell,https://sfbay.craigslist.org/sby/apa/d/campbell-2x2-beautiful-fully-renovated/7712453213.html
"Floor to Ceiling Windows, Extra Half Baths, Package Lockers","4,435",berkeley,https://sfbay.craigslist.org/eby/apa/d/berkeley-floor-to-ceiling-windows-extra/7711098285.html
"Ideal Redwood City Location, Smart Home Tech, 6 weeks Free!","2,375",redwood city,https://sfbay.craigslist.org/pen/apa/d/redwood-city-ideal-redwood-city/7712453016.html
"Quiet, Bright, and Spacious - Top Floor Corner 2x1 w/ In-Unit W/D!","2,450",oakland east,https://sfbay.craigslist.org/eby/apa/d/oakland-quiet-bright-and-spacious-top/7712452975.html
"PIEDMONT 1x1! Bright, Spacious, Real Hardwood Flooring! Best Schools!","2,000",oakland piedmont / montclair,https://sfbay.craigslist.org/eby/apa/d/oakland-piedmont-1x1-bright-spacious/7712452900.html
Pool facing 2-bedroom apartment in quiet community,"4,200",menlo park,https://sfbay.craigslist.org/pen/apa/d/menlo-park-pool-facing-bedroom/7711151501.html
"Situated in Castro Valley!, 2B/1B, Fitness center","2,505",hayward / castro valley,https://sfbay.craigslist.org/eby/apa/d/hayward-situated-in-castro-valley-2b-1b/7702927968.html
Telegraph Apts! Large 1x1 w/ New Kitchen & Bath - Tons of Storage!,"1,995",oakland lake merritt / grand,https://sfbay.craigslist.org/eby/apa/d/oakland-telegraph-apts-large-1x1-new/7712452825.html
"Private Patio or Balcony, Stackable Washer & Dryers, 2/BD","2,750",danville / san ramon,https://sfbay.craigslist.org/eby/apa/d/san-ramon-private-patio-or-balcony/7705599339.html
"Custom Cabinetry, Nighttime Courtesy Patrol, Studio 1/BA","2,353",redwood city,https://sfbay.craigslist.org/pen/apa/d/redwood-city-custom-cabinetry-nighttime/7711176554.html
2BR/1BA Apartment with Wood-Style Plank Flooring!,"3,073",san jose south,https://sfbay.craigslist.org/sby/apa/d/san-jose-2br-1ba-apartment-with-wood/7712452649.html
"Environmentally Friendly Community, Courtyard, Onsite Laundry",994,san jose south,https://sfbay.craigslist.org/sby/apa/d/san-jose-environmentally-friendly/7703161751.html
O&M DOGPATCH-WALKING DISTANCE TO 22ND ST. CAL-TRAIN & MUNI,"3,754",potrero hill,https://sfbay.craigslist.org/sfc/apa/d/san-francisco-om-dogpatch-walking/7711823520.html
Cozy 1x1 w/ Fully Remodeled Kitchen! Walk-In Closet!,"1,650",emeryville,https://sfbay.craigslist.org/eby/apa/d/emeryville-cozy-1x1-fully-remodeled/7712452604.html
One Bedroom Upstairs Available March 12. 24 to rent and to tour!,"2,123",dublin / pleasanton / livermore,https://sfbay.craigslist.org/eby/apa/d/pleasanton-one-bedroom-upstairs/7711841591.html
"Convenient 2 Bedroom+Bonus Room, 1.5 Baths, Laundry/Private Deck/Yard","3,400",berkeley,https://sfbay.craigslist.org/eby/apa/d/berkeley-convenient-bedroombonus-room/7704156417.html
BIG Savings! 6 WEEKS ON US!!,"2,880",campbell,https://sfbay.craigslist.org/sby/apa/d/campbell-big-savings-weeks-on-us/7712452409.html
"XL living room & dining room, breakfast bar, w/d, XL bathtub","4,455",SOMA / south beach,https://sfbay.craigslist.org/sfc/apa/d/san-francisco-xl-living-room-dining/7712452397.html
Walk to Bart!!!,"2,093",walnut creek,https://sfbay.craigslist.org/eby/apa/d/walnut-creek-walk-to-bart/7702727874.html
Brand new Studio including W/D available,950,Lower Pacific Heights,https://sfbay.craigslist.org/sfc/apa/d/san-francisco-brand-new-studio/7712447953.html
"All New, Business Lounge, Built In Workspace, 93 Walk Score","2,847",san jose downtown,https://sfbay.craigslist.org/sby/apa/d/san-jose-all-new-business-lounge-built/7712452255.html
"No one above or below, no Carpet! In unit Laundry, Call Now!","2,525",san mateo,https://sfbay.craigslist.org/pen/apa/d/san-mateo-no-one-above-or-below-no/7712449130.html
Sebastopol Country Cottage,"3,100",sebastopol,https://sfbay.craigslist.org/nby/apa/d/sebastopol-sebastopol-country-cottage/7705648703.html
"Contemporary, third flr 1BR/1BA with Hardwood Floors,(315 Wayne #314)","2,095",oakland downtown,https://sfbay.craigslist.org/eby/apa/d/oakland-contemporary-third-flr-1br-1ba/7712451860.html
"Walker paradise! Close to Central Park, Downtown San Mateo, Mins to FW","3,525",san mateo,https://sfbay.craigslist.org/pen/apa/d/san-mateo-walker-paradise-close-to/7712448374.html
"Contemporary 1BR/1BA ,Pets OK,Parking available (315 Wayne Place #108)","2,095",oakland downtown,https://sfbay.craigslist.org/eby/apa/d/oakland-contemporary-1br-1ba-pets/7712451719.html
"Dishwasher, In Livermore, 1B/1B","2,427",dublin / pleasanton / livermore,https://sfbay.craigslist.org/eby/apa/d/livermore-dishwasher-in-livermore-1b-1b/7710439882.html
"LARGE TOP FLOOR 2 Bedroom w/Parking, Storage, Laundry | PETS OK!","2,200",oakland hills / mills,https://sfbay.craigslist.org/eby/apa/d/oakland-large-top-floor-bedroom-parking/7704194312.html
"1/bd 1/ba, in San Jose CA, Controlled Access","2,733",alameda,https://sfbay.craigslist.org/eby/apa/d/san-jose-bd-ba-in-san-jose-ca/7709451363.html
"Modern, second floor 1BR/1BA,Private deck ,Sh laundry (315 Wayne #211)","2,095",oakland downtown,https://sfbay.craigslist.org/eby/apa/d/oakland-modern-second-floor-1br/7712451607.html
"LARGE 1 BEDROOM w/SECURE ENTRY, DINING + LAUNDRY -- WALKER'S PARADISE!","2,395",oakland lake merritt / grand,https://sfbay.craigslist.org/eby/apa/d/oakland-large-bedroom-secure-entry/7708189338.html
"1st Floor 1BR/1BA , Laundry, Parking Available (166 Athol #107)","2,150",oakland lake merritt / grand,https://sfbay.craigslist.org/eby/apa/d/oakland-1st-floor-1br-1ba-laundry/7712451479.html
Large Remodeled Three Bedrooms,"4,295",San Francisco,https://sfbay.craigslist.org/sfc/apa/d/san-francisco-large-remodeled-three/7710539692.html
"Second floor  1BR/1BA,Laundry,Pkg Avail(166 Athol #207)","2,150",oakland lake merritt / grand,https://sfbay.craigslist.org/eby/apa/d/oakland-second-floor-1br-1balaundrypkg/7712451285.html
Quiet Sunny 2Bd Apt Steps from Giant's Stadium *inquire about specials,"4,980",SOMA / south beach,https://sfbay.craigslist.org/sfc/apa/d/san-francisco-quiet-sunny-2bd-apt-steps/7712451200.html
Newly Renovated One Bedroom/500 Leavenworth,"2,000",downtown / civic / van ness,https://sfbay.craigslist.org/sfc/apa/d/san-francisco-newly-renovated-one/7710161085.html
Top Floor - Contemporary - 2 bedroom 2 bath  ~ J.Wavro,"3,200",SOMA / south beach,https://sfbay.craigslist.org/sfc/apa/d/san-francisco-top-floor-contemporary/7710935932.html
1x1 Apartment For Lease With Park Like View,"2,358",san jose south,https://sfbay.craigslist.org/sby/apa/d/san-jose-1x1-apartment-for-lease-with/7712451112.html
Gorgeous 1 Bed 1 Bath- Roof View! ~ J.Wavro,"2,700",SOMA / south beach,https://sfbay.craigslist.org/sfc/apa/d/san-francisco-gorgeous-bed-bath-roof/7710936790.html
"Outdoor BBQ, Custom Wood Cabinetry, Large Closets","2,342",berkeley,https://sfbay.craigslist.org/eby/apa/d/berkeley-outdoor-bbq-custom-wood/7711541840.html
1+ Bedroom 2.5 bath Loft w/ parking ~ J.Wavro,"3,995",SOMA / south beach,https://sfbay.craigslist.org/sfc/apa/d/san-francisco-bedroom-25-bath-loft/7710938385.html
Completely Remodeled - Top Floor 3+ bedroom 3.5 bath ~ J.Wavro,"11,000",marina / cow hollow,https://sfbay.craigslist.org/sfc/apa/d/san-francisco-completely-remodeled-top/7710949190.html
Beautifully updated 3/2 home in Woodside Plaza $6300.00,"6,300",redwood city,https://sfbay.craigslist.org/pen/apa/d/redwood-city-beautifully-updated-2-home/7712451041.html
Large 2 bedroom top floor flat w/ parking ~ J.Wavro,"6,500",marina / cow hollow,https://sfbay.craigslist.org/sfc/apa/d/san-francisco-large-bedroom-top-floor/7710949853.html
Grand Residence - 2+ bed 3 bath w/ Amazing Views! ~ J.Wavro,"18,000",SOMA / south beach,https://sfbay.craigslist.org/sfc/apa/d/san-francisco-grand-residence-bed-bath/7710950843.html
Spectacular 2 bedroom with panoramic views ~ J.Wavro,"8,500",nob hill,https://sfbay.craigslist.org/sfc/apa/d/san-francisco-spectacular-bedroom-with/7710951519.html
1 Bedroom 1 Bath with Parking ~ J.Wavro,"3,650",nob hill,https://sfbay.craigslist.org/sfc/apa/d/san-francisco-bedroom-bath-with-parking/7710952206.html
VIEW TO THE BAY Large 2Br 2Ba with Pool,"3,150",Greenbrae,https://sfbay.craigslist.org/nby/apa/d/greenbrae-view-to-the-bay-large-2br-2ba/7712450795.html
Great single family home in a fantastic Noe Valley location ~ J.Wavro,"12,000",noe valley,https://sfbay.craigslist.org/sfc/apa/d/san-francisco-great-single-family-home/7711040431.html
"Swimming Pool & Sundeck, Gated Electronic Entrance, Studio","3,481",palo alto,https://sfbay.craigslist.org/pen/apa/d/palo-alto-swimming-pool-sundeck-gated/7712448751.html
"Custom Designed Home - 4 bed, 3.5 bath w/ Ocean Views ~ J.Wavro","15,000",west portal / forest hill,https://sfbay.craigslist.org/sfc/apa/d/san-francisco-custom-designed-home-bed/7711052673.html
Fantastic Millennium Residence - Large 2+ bed 2 bath  ~ J.Wavro,"8,000",SOMA / south beach,https://sfbay.craigslist.org/sfc/apa/d/san-francisco-fantastic-millennium/7711057159.html
UCB OFF-CAMPUS FURNISHED ACADEMICS HOME,"2,199",berkeley,https://sfbay.craigslist.org/eby/apa/d/berkeley-ucb-off-campus-furnished/7712449539.html
Remodeled Efficiency Studio/887 Bush,"1,500",nob hill,https://sfbay.craigslist.org/sfc/apa/d/san-francisco-remodeled-efficiency/7712450677.html
"Walk-in Closets, 24-Hour Fitness Center, Central Heating","2,375",alameda,https://sfbay.craigslist.org/eby/apa/d/emeryville-walk-in-closets-24-hour/7711100703.html
Remodeled One Bedroom/1246 Bush st,"2,100",lower nob hill,https://sfbay.craigslist.org/sfc/apa/d/san-francisco-remodeled-one-bedroom/7712450570.html
Amazing Space - Huge Open Interiors - Come Home Today!,"4,076",emeryville,https://sfbay.craigslist.org/eby/apa/d/emeryville-amazing-space-huge-open/7712450565.html
Gated 2-Story 1 Bedroom Loft-Style w/Internet Included +MORE,"2,295",oakland hills / mills,https://sfbay.craigslist.org/eby/apa/d/oakland-gated-story-bedroom-loft-style/7711504446.html
"1/BD 1/BA, In Sunnyvale, Parking Type: Covered Lot","2,745",sunnyvale,https://sfbay.craigslist.org/sby/apa/d/sunnyvale-bd-ba-in-sunnyvale-parking/7708902152.html
Large Remodeled Studio/765 Sutter,"1,700",lower nob hill,https://sfbay.craigslist.org/sfc/apa/d/san-francisco-large-remodeled-studio/7712450440.html
Beautiful Art Deco full floor flat. Approximately.1600 sf! ~ J.Wavro,"4,425",marina / cow hollow,https://sfbay.craigslist.org/sfc/apa/d/san-francisco-beautiful-art-deco-full/7709156123.html
Remodeled Victorian - single family home with 3 car garage! ~ J.Wavro,"9,600",lower haight,https://sfbay.craigslist.org/sfc/apa/d/san-francisco-remodeled-victorian/7710926412.html
Luxury Soma Grand condo! Amazing City Skyline & Bay Views!  ~ J.Wavro,"3,700",SOMA / south beach,https://sfbay.craigslist.org/sfc/apa/d/san-francisco-luxury-soma-grand-condo/7710927971.html
1 MONTH FREE! 900sf! Large private deck with City views! ~ J.Wavro,"3,250",SOMA / south beach,https://sfbay.craigslist.org/sfc/apa/d/san-francisco-month-free-900sf-large/7710942329.html
Awesome Views! Rent controlled apartment. Parking available. ~ J.Wavro,"4,025",noe valley,https://sfbay.craigslist.org/sfc/apa/d/san-francisco-awesome-views-rent/7710957955.html
1 Bed 1 Bath Available now! Pet friendly,"1,875",redwood city,https://sfbay.craigslist.org/pen/apa/d/redwood-city-bed-bath-available-now-pet/7706949039.html
Gorgeous furnished or unfurnished apartment in the Castro! ~ J.Wavro,"6,800",Eureka Valley,https://sfbay.craigslist.org/sfc/apa/d/san-francisco-gorgeous-furnished-or/7711413081.html
Spacious 2 Bedroom Duplex,"3,095",Burlingame,https://sfbay.craigslist.org/pen/apa/d/burlingame-spacious-bedroom-duplex/7708926905.html
"Corner 1st Floor| $2,395 Lease End Bonus| Pet Friendly!","2,395",san mateo,https://sfbay.craigslist.org/pen/apa/d/san-mateo-corner-1st-floor-2395-lease/7712450110.html
Remodeled Russian Hill apt! In the back -- very QUIET! ~ J.Wavro,"2,695",russian hill,https://sfbay.craigslist.org/sfc/apa/d/san-francisco-remodeled-russian-hill/7711107400.html
Spacious rent controlled View apt with a private Deck! ~ J.Wavro,"3,575",cole valley / ashbury hts,https://sfbay.craigslist.org/sfc/apa/d/san-francisco-spacious-rent-controlled/7711110036.html
Hayes Valley Studio-Hrwd Flrs-Great Location,"1,585",hayes valley,https://sfbay.craigslist.org/sfc/apa/d/san-francisco-hayes-valley-studio-hrwd/7712430346.html
1 MONTH FREE! Luxury apt! Washer and Dryer in unit! ~ J.Wavro,"3,500",nob hill,https://sfbay.craigslist.org/sfc/apa/d/san-francisco-month-free-luxury-apt/7711111740.html
1 MONTH FREE! Beautiful Vida Condo in the Mission! ~ J.Wavro,"3,950",mission district,https://sfbay.craigslist.org/sfc/apa/d/san-francisco-month-free-beautiful-vida/7711114876.html
Amazing 2x1 Apartment in Down Town San Mateo! RENOVATED!,"3,608",san mateo,https://sfbay.craigslist.org/pen/apa/d/san-mateo-amazing-2x1-apartment-in-down/7711477640.html
1 MONTH FREE! Furnished or Unfurnished! Over 1000sf! ~ J.Wavro,"3,795",SOMA / south beach,https://sfbay.craigslist.org/sfc/apa/d/san-francisco-month-free-furnished-or/7711168943.html
4 WEEKS FREE! Partial GG Bridge view! Laundry credit! ~ J.Wavro,"2,095",nob hill,https://sfbay.craigslist.org/sfc/apa/d/san-francisco-weeks-free-partial-gg/7711370012.html
4 WEEKS FREE! Great location! Laundry credit! ~ J.Wavro,"1,895",nob hill,https://sfbay.craigslist.org/sfc/apa/d/san-francisco-weeks-free-great-location/7711374245.html
"Newly remodel 1bd/ 1ba, with 2 big closets",800,Cow Hollow,https://sfbay.craigslist.org/sfc/apa/d/san-francisco-newly-remodel-1bd-1ba/7712446009.html
4 WEEKS FREE! Top Floor Apt. Washer/Dryer in unit! ~ J.Wavro,"3,150",nob hill,https://sfbay.craigslist.org/sfc/apa/d/san-francisco-weeks-free-top-floor-apt/7711374907.html
"Fitness Center, Refrigerator, Ceiling Fans","2,477",belmont,https://sfbay.craigslist.org/pen/apa/d/belmont-fitness-center-refrigerator/7711127513.html
"Great Specials, Limited Time $1500","1,593",pittsburg / antioch,https://sfbay.craigslist.org/eby/apa/d/pittsburg-great-specials-limited-time/7712449767.html
"in Walnut Creek CA, 2/bd 1/ba, Spacious Bathtubs","2,500",walnut creek,https://sfbay.craigslist.org/eby/apa/d/walnut-creek-in-walnut-creek-ca-bd-ba/7711125830.html
"First Floor, Beautifully Remodeled 2x2 w/Private Attached Garage!","3,225",danville / san ramon,https://sfbay.craigslist.org/eby/apa/d/san-ramon-first-floor-beautifully/7712443251.html
1 bedroom at Avalon Mission Bay Minutes From Oracle Park!,"3,550",SOMA / south beach,https://sfbay.craigslist.org/sfc/apa/d/san-francisco-bedroom-at-avalon-mission/7712449742.html
"Yoga Classes, Professional Staff, Frontage Golf Course Views","2,765",walnut creek,https://sfbay.craigslist.org/eby/apa/d/walnut-creek-yoga-classes-professional/7711128559.html
Charming 1 Bedroom Available for Rent,"1,825",redwood city,https://sfbay.craigslist.org/pen/apa/d/redwood-city-charming-bedroom-available/7703503051.html
READY to RENT TODAY ·ç† New Build! Full LED Lights ·öô Private Balcony,"2,800",4450 Old Redwood Hwy,https://sfbay.craigslist.org/nby/apa/d/santa-rosa-ready-to-rent-today-new/7708748713.html
TAKE A TOUR üïö Resort Setting with Lush Landscaping Wine Country!,"2,750",4450 Old Redwood Hwy,https://sfbay.craigslist.org/nby/apa/d/santa-rosa-take-tour-resort-setting/7706901979.html
2 WEEKS FREE 2bd1bath in West San Jose near all major highways,"3,144",san jose west,https://sfbay.craigslist.org/sby/apa/d/san-jose-weeks-free-2bd1bath-in-west/7712443833.html
Two Bed Ready Now! ‚£ø Luxury -- Full LED Lights ·õ∞ Updated Appliances,"2,800",4450 Old Redwood Hwy,https://sfbay.craigslist.org/nby/apa/d/santa-rosa-two-bed-ready-now-luxury/7703612353.html
Amazing 2x1 Apartment in Down Town San Mateo! RENOVATED! City Views!!,"4,262",san mateo,https://sfbay.craigslist.org/pen/apa/d/san-mateo-amazing-2x1-apartment-in-down/7712449383.html
"1B/1B, Mountain View CA, Hardwood Flooring","3,292",mountain view,https://sfbay.craigslist.org/sby/apa/d/palo-alto-1b-1b-mountain-view-ca/7712449353.html
Gorgeous Single-Level Home in Orinda-Premium Properties,"7,000",lafayette / orinda / moraga,https://sfbay.craigslist.org/eby/apa/d/orinda-gorgeous-single-level-home-in/7703947222.html
Beautiful Victorian House 3br 1.5ba 2 blocks from SJSU,"3,500",san jose downtown,https://sfbay.craigslist.org/sby/apa/d/san-jose-beautiful-victorian-house-3br/7705470054.html
"WiFi Available, 2bd 1ba, In Fremont","2,383",fremont / union city / newark,https://sfbay.craigslist.org/eby/apa/d/fremont-wifi-available-2bd-1ba-in/7712449121.html
Brand New Jr 1 Bedroom with 2 Months Free at Artisan Crossing!,"3,200",belmont,https://sfbay.craigslist.org/pen/apa/d/belmont-brand-new-jr-bedroom-with/7710464218.html
Charming Remodeled Noe Valley Two Bedroom Victorian Flat  ~ J.Wavro,"5,800",noe valley,https://sfbay.craigslist.org/sfc/apa/d/san-francisco-charming-remodeled-noe/7710055391.html
$2400/ 1br -Furnished Studio - Great Monthly Rates! (san jose south,"2,400",san jose south,https://sfbay.craigslist.org/sby/apa/d/san-jose-br-furnished-studio-great/7712428288.html
"$2,750   Remodeled 2 bedroom, 1 bathroom apartment","2,750",south san francisco,https://sfbay.craigslist.org/pen/apa/d/south-san-francisco-2750-remodeled/7712448996.html
Nob Hill Two Bedroom Two Bath with Parking ~ J.Wavro,"3,800",nob hill,https://sfbay.craigslist.org/sfc/apa/d/san-francisco-nob-hill-two-bedroom-two/7711032284.html
Three Bedroom Sutro Heights Condo with Ocean View ~ J.Wavro,"6,995",Sutro Heights,https://sfbay.craigslist.org/sfc/apa/d/san-francisco-three-bedroom-sutro/7711039088.html
Remodeled Studio in the Heart of the Mission ~ J.Wavro,"1,925",mission district,https://sfbay.craigslist.org/sfc/apa/d/san-francisco-remodeled-studio-in-the/7711047722.html
MOVE-IN BONUS* | Large 1 Bedroom 950 sf w/Office or Dining Room+More!,"2,995",oakland lake merritt / grand,https://sfbay.craigslist.org/eby/apa/d/oakland-move-in-bonus-large-bedroom-950/7711451424.html
Top Floor Studio w/Secured Entry + Laundry // WALKER'S PARADISE!,"1,695",oakland lake merritt / grand,https://sfbay.craigslist.org/eby/apa/d/oakland-top-floor-studio-secured-entry/7703449534.html
Edwardian Style Mission Dist 3bd/1ba w/private deck ~ J.Wavro,"3,900",mission district,https://sfbay.craigslist.org/sfc/apa/d/san-francisco-edwardian-style-mission/7710939638.html
Roommate wanted to share a nice house with young professionals,950,san jose downtown,https://sfbay.craigslist.org/sby/apa/d/san-jose-roommate-wanted-to-share-nice/7712448662.html
"Lower Pacific Heights/Japantown 1bed w/balcony,pkg avail ~ J.Wavro","2,695",lower pac hts,https://sfbay.craigslist.org/sfc/apa/d/san-francisco-lower-pacific-heights/7710940670.html
"Remodeled Twin Peaks Apt w/new kit, new carpet, pkg incl ~ J.Wavro","2,600",twin peaks / diamond hts,https://sfbay.craigslist.org/sfc/apa/d/san-francisco-remodeled-twin-peaks-apt/7710941363.html
"Courtyard Lounge, Private Balcony, Private Patio","2,399",santa clara,https://sfbay.craigslist.org/sby/apa/d/santa-clara-courtyard-lounge-private/7712448604.html
Self Guided Tours Now Available!,"2,419",dublin / pleasanton / livermore,https://sfbay.craigslist.org/eby/apa/d/dublin-self-guided-tours-now-available/7712448592.html
GATED / FLEX TERMS (Furnished or Unfurnished) w/TONS of Amenities!,"2,695",oakland hills / mills,https://sfbay.craigslist.org/eby/apa/d/oakland-gated-flex-terms-furnished-or/7711505608.html
Large Top Floor Pacific Heights 1bd w/pkg avail ~ J.Wavro,"3,448",pacific heights,https://sfbay.craigslist.org/sfc/apa/d/san-francisco-large-top-floor-pacific/7711033889.html
Rent Today and Enjoy $1000 off! Limited Time Special!,"2,287",novato,https://sfbay.craigslist.org/nby/apa/d/novato-rent-today-and-enjoy-1000-off/7712448576.html
Westwood Park Edwardian Style 3bd/1ba House ~ J.Wavro,"5,750",Westwood Park,https://sfbay.craigslist.org/sfc/apa/d/san-francisco-westwood-park-edwardian/7711391180.html
"Upper Market 2bd/1ba w/views, pkg avail, new kit+bath ~ J.Wavro","3,650",Eureka Valley,https://sfbay.craigslist.org/sfc/apa/d/san-francisco-upper-market-2bd-1ba/7711414832.html
"Quiet street in Elmwood, safe area near restaurants and shops","2,025",Berkeley,https://sfbay.craigslist.org/pen/apa/d/berkeley-quiet-street-in-elmwood-safe/7710988547.html
"2bd 1ba, New playground equipment, Located in Gilroy","2,638",gilroy,https://sfbay.craigslist.org/sby/apa/d/san-juan-bautista-2bd-1ba-new/7712448508.html
1 & 2 Bedrooms Available! ONE MONTH FREE! Schedule Tour Today!,"2,285",san leandro,https://sfbay.craigslist.org/eby/apa/d/san-leandro-bedrooms-available-one/7712448455.html
"Laundry Facility, Smart Home Technology, Dishwasher","2,615",fremont / union city / newark,https://sfbay.craigslist.org/eby/apa/d/fremont-laundry-facility-smart-home/7712448436.html
South Facing 1 Bed/1 Bath w/storage ~ J.Wavro,"2,800",alamo square / nopa,https://sfbay.craigslist.org/sfc/apa/d/san-francisco-south-facing-bed-bath/7709130876.html
Bright Studio Over Backyard ~ J.Wavro,"2,200",alamo square / nopa,https://sfbay.craigslist.org/sfc/apa/d/san-francisco-bright-studio-over/7711393458.html
"Luxury, Location & Convenience at La Moraga!","2,725",san jose south,https://sfbay.craigslist.org/sby/apa/d/san-jose-luxury-location-convenience-at/7712448342.html
"Call to Schedule a Tour! RARE FIND, Apartment w/ Private Garage","3,286",santa clara,https://sfbay.craigslist.org/sby/apa/d/santa-clara-call-to-schedule-tour-rare/7712448217.html
"Remodeled, Top Floor 1 Bedroom w/Video Entry, Elevator, Internet+MORE!","2,315",oakland lake merritt / grand,https://sfbay.craigslist.org/eby/apa/d/oakland-remodeled-top-floor-bedroom/7711513438.html
"in Millbrae CA, Walk-In Closets, 1bd 1ba","3,450",san mateo,https://sfbay.craigslist.org/pen/apa/d/millbrae-in-millbrae-ca-walk-in-closets/7711844314.html
Prime Russian Hill 2bd w/ W/D in Unit and Deck! Must See! ~ J.Wavro,"3,350",russian hill,https://sfbay.craigslist.org/sfc/apa/d/san-francisco-prime-russian-hill-2bd-w/7710678741.html
Prime Marina Bright Remodeled 2nd Floor 1bd w/ HW Floors! ~ J.Wavro,"2,995",marina / cow hollow,https://sfbay.craigslist.org/sfc/apa/d/san-francisco-prime-marina-bright/7710954541.html
Must See Bright Remodeled Top Floor 1bd w/ HW Floors! ~ J.Wavro,"2,850",russian hill,https://sfbay.craigslist.org/sfc/apa/d/san-francisco-must-see-bright-remodeled/7710957294.html
Wow! Corner Studio w/ Panoramic Views ~ J.Wavro,"2,595",cole valley / ashbury hts,https://sfbay.craigslist.org/sfc/apa/d/san-francisco-wow-corner-studio/7711036972.html
"LIMITED TIME EXCLUSIVE OVER $3,000 SPECIAL BONUS SCOTIA LUXUAPARTMENTS","3,155",san jose south,https://sfbay.craigslist.org/sby/apa/d/san-jose-limited-time-exclusive-over/7709514189.html
"Green Building, Quartz countertops, BBQ Area","3,353",SOMA / south beach,https://sfbay.craigslist.org/sfc/apa/d/san-francisco-green-building-quartz/7711101560.html
Spacious Remodeled Bright SOMA 1bd Loft w/ W/D & Parking! ~ J.Wavro,"2,995",SOMA / south beach,https://sfbay.craigslist.org/sfc/apa/d/san-francisco-spacious-remodeled-bright/7711115743.html
"Onsite Management, Soundproof Walls, Refrigerator","3,392",mountain view,https://sfbay.craigslist.org/sby/apa/d/palo-alto-onsite-management-soundproof/7711566305.html
Bright Remodeled 1bd w/ HW Floors! Prime Location! ~ J.Wavro,"2,850",cole valley / ashbury hts,https://sfbay.craigslist.org/sfc/apa/d/san-francisco-bright-remodeled-1bd-hw/7711116685.html
"8 Weeks FREE!  Top Floor, Near Everywhere You Want To Be, W/D","3,018",SOMA / south beach,https://sfbay.craigslist.org/sfc/apa/d/san-francisco-weeks-free-top-floor-near/7712447883.html
Spacious Studio Apartment 0T2-608 at Avalon at Mission Bay,"3,080",SOMA / south beach,https://sfbay.craigslist.org/sfc/apa/d/san-francisco-spacious-studio-apartment/7712447828.html
"The Alexandria Lakefront GORGEOUS 1 Bedroom w/Rooftop Deck, Internet","2,695",oakland lake merritt / grand,https://sfbay.craigslist.org/eby/apa/d/oakland-the-alexandria-lakefront/7711510370.html
"STEAL THIS DEAL ! $1300 MONTH, TOUR TODAY, LEASE TODAY","1,300",vallejo / benicia,https://sfbay.craigslist.org/eby/apa/d/vallejo-steal-this-deal-month-tour/7712447743.html
"Built in produce drawers in panty*, Lobby attendant, Dog Run & Pet Spa","3,504",hayes valley,https://sfbay.craigslist.org/sfc/apa/d/san-francisco-built-in-produce-drawers/7712447731.html
Wow! Brand New Bright Remodeled 1bd w/ HW Floors!  ~ J.Wavro,"2,295",tenderloin,https://sfbay.craigslist.org/sfc/apa/d/san-francisco-wow-brand-new-bright/7710953848.html
"Top Floor Studio! New Appliances, Hardwood Floors","1,550",oakland rockridge / claremont,https://sfbay.craigslist.org/eby/apa/d/oakland-top-floor-studio-new-appliances/7703451546.html
"Desirable Top Floor, One Bedroom in Millbrae","2,200",millbrae,https://sfbay.craigslist.org/pen/apa/d/millbrae-desirable-top-floor-one/7711658118.html
"Clubhouse, Large Closets, 2 Bed","2,899",santa clara,https://sfbay.craigslist.org/sby/apa/d/santa-clara-clubhouse-large-closets-bed/7703895259.html
Charming Remodeled Furnished Garden Jr One Bed! Great Loc! ~ J.Wavro,"3,500",pacific heights,https://sfbay.craigslist.org/sfc/apa/d/san-francisco-charming-remodeled/7710958640.html
Prime Nob Hill Remodeled Ground Floor 1bd w/ HW Floors! ~ J.Wavro,"2,350",nob hill,https://sfbay.craigslist.org/sfc/apa/d/san-francisco-prime-nob-hill-remodeled/7711185247.html
Spacious Remodeled Top Floor 2/2 w/ Parking & Roof Deck! ~ J.Wavro,"4,650",SOMA / south beach,https://sfbay.craigslist.org/sfc/apa/d/san-francisco-spacious-remodeled-top/7711637824.html
Must See Bright Spacious Remodeled 1bd Apt w/ HW Floors! ~ J.Wavro,"2,495",tenderloin,https://sfbay.craigslist.org/sfc/apa/d/san-francisco-must-see-bright-spacious/7711792752.html
"Fremont CA, Microwave, 1 Bed","2,230",alameda,https://sfbay.craigslist.org/eby/apa/d/fremont-fremont-ca-microwave-bed/7709104743.html
Bright Remodeled Backside Quite Studio Apt!  Must See! ~ J.Wavro,"1,595",lower nob hill,https://sfbay.craigslist.org/sfc/apa/d/san-francisco-bright-remodeled-backside/7710955993.html
Super Cute New Remodeled Prime Nob Hill 1bd!  ~ J.Wavro,"2,250",nob hill,https://sfbay.craigslist.org/sfc/apa/d/san-francisco-super-cute-new-remodeled/7711632559.html
Cozy and Charming Apt/Studio Available Now Beautiful Senior Community,"1,067",napa county,https://sfbay.craigslist.org/nby/apa/d/napa-cozy-and-charming-apt-studio/7712447515.html
"LOOK, LEASE, TOUR! 1 MONTH OFF ON US! CALL NOW!","3,405",san jose east,https://sfbay.craigslist.org/sby/apa/d/san-jose-look-lease-tour-month-off-on/7708257160.html
Wow! Must See Polk Gulch Top Floor Remodeled Corner 2bd! ~ J.Wavro,"3,350",nob hill,https://sfbay.craigslist.org/sfc/apa/d/san-francisco-wow-must-see-polk-gulch/7711634660.html
"Air Conditioning, Private Patio, Onsite Management","2,266",campbell,https://sfbay.craigslist.org/sby/apa/d/campbell-air-conditioning-private-patio/7711126340.html
"401 Derby Avenue, Oakland, CA","2,110",oakland east,https://sfbay.craigslist.org/eby/apa/d/oakland-401-derby-avenue-oakland-ca/7712423311.html
Discover Beautiful Culture Living Lampwork Lofts in West Oakland,"1,554",oakland west,https://sfbay.craigslist.org/eby/apa/d/oakland-discover-beautiful-culture/7712396288.html
"Microwave, Located in Oakland, 1/bd","1,745",oakland lake merritt / grand,https://sfbay.craigslist.org/eby/apa/d/oakland-microwave-located-in-oakland-bd/7712447314.html
Two Bedroom w/ Large Office in Fantastic Loc. w/ W/D In Unit ~ J.Wavro,"4,500",lower pac hts,https://sfbay.craigslist.org/sfc/apa/d/san-francisco-two-bedroom-large-office/7711031253.html
"Modern Studio, W/D, Roof Deck! ~ J.Wavro","2,295",downtown / civic / van ness,https://sfbay.craigslist.org/sfc/apa/d/san-francisco-modern-studio-d-roof-deck/7711066681.html
"Public art plaza, Backyard terrace with pizza oven, Skybox lounge","3,925",SOMA / south beach,https://sfbay.craigslist.org/sfc/apa/d/san-francisco-public-art-plaza-backyard/7712447249.html
"Huge 1600+ sq ft 2bd/1.5ba w/ Office Space, Parking, W/D ~ J.Wavro","5,450",russian hill,https://sfbay.craigslist.org/sfc/apa/d/san-francisco-huge-1600-sq-ft-2bd-15ba/7711078423.html
Expansive 1367 sq ft Loft w/ Towering Ceilings ~ J.Wavro,"3,725",SOMA / south beach,https://sfbay.craigslist.org/sfc/apa/d/san-francisco-expansive-1367-sq-ft-loft/7711085015.html
Live Work Loft Apartment -TWO MONTHS FREE!,"2,600",Oakland,https://sfbay.craigslist.org/eby/apa/d/oakland-live-work-loft-apartment-two/7712442676.html
Brand New construction - 2 level 3 bed 2 bath - Elmwood ~ J.Wavro,"4,495",berkeley,https://sfbay.craigslist.org/eby/apa/d/berkeley-brand-new-construction-level/7711086008.html
1 bed/1 bath available 3/16,"3,435",mountain view,https://sfbay.craigslist.org/pen/apa/d/mountain-view-bed-bath-available-16/7712447106.html
SoMa Apartment ~ J.Wavro,"2,000",SOMA / south beach,https://sfbay.craigslist.org/sfc/apa/d/san-francisco-soma-apartment-jwavro/7711087719.html
FRANCISCAN APARTMENTS A PLACE TO CALL HOME,"1,610",vallejo / benicia,https://sfbay.craigslist.org/eby/apa/d/vallejo-franciscan-apartments-place-to/7712446468.html
Light-Filled Spacious Corner 2/1 w/ Walk-In ~ J.Wavro,"3,950",marina / cow hollow,https://sfbay.craigslist.org/sfc/apa/d/san-francisco-light-filled-spacious/7711088702.html
"In Burlingame, Private Patio or Balcony, 2BD 1.5BA","3,906",burlingame,https://sfbay.craigslist.org/pen/apa/d/millbrae-in-burlingame-private-patio-or/7712447060.html
"Spacious 3bd w/ Modern Kitchen, Laundry ~ J.Wavro","4,500",lower pac hts,https://sfbay.craigslist.org/sfc/apa/d/san-francisco-spacious-3bd-modern/7711094340.html
Spectacular Bridge Views in Elegant Presidio Heights  ~ J.Wavro,"12,500",laurel hts / presidio,https://sfbay.craigslist.org/sfc/apa/d/san-francisco-spectacular-bridge-views/7711097583.html
"1BD 1BA, Gas Ranges, Pet Spa w/ Dog Washing Station","3,672",burlingame,https://sfbay.craigslist.org/pen/apa/d/burlingame-1bd-1ba-gas-ranges-pet-spa/7710433039.html
Furnished Studio - Great Monthly Rates!,"1,064",South San Francisco,https://sfbay.craigslist.org/sfc/apa/d/south-san-francisco-furnished-studio/7712446978.html
"1br, 1ba apt, convenient Inner Sunset location!","2,000",inner sunset / UCSF,https://sfbay.craigslist.org/sfc/apa/d/san-francisco-1br-1ba-apt-convenient/7706580345.html
Bright and Spacious 1bed/1bath Condo near BART & Shopping ~ J.Wavro,"2,895",millbrae,https://sfbay.craigslist.org/pen/apa/d/millbrae-bright-and-spacious-1bed-1bath/7711172795.html
"1bd 1ba, Located in Belmont, Gas Stove","2,578",belmont,https://sfbay.craigslist.org/pen/apa/d/belmont-1bd-1ba-located-in-belmont-gas/7712446812.html
Remodeled 3 bed Full Floor Flat - Russian Hill / N. Beach ~ J.Wavro,"4,200",russian hill,https://sfbay.craigslist.org/sfc/apa/d/san-francisco-remodeled-bed-full-floor/7711175073.html
"24-Hour Gym, Expansive Pet Park, And More! Live at Vineyard Creek","2,720",santa rosa,https://sfbay.craigslist.org/nby/apa/d/santa-rosa-24-hour-gym-expansive-pet/7712446730.html
Remodeled 2 bedroom Mission/Bernal border + Parking ~ J.Wavro,"3,000",bernal heights,https://sfbay.craigslist.org/sfc/apa/d/san-francisco-remodeled-bedroom-mission/7711178063.html
"Price Drop! Open Floor Plan, Corner Unit, HUGE Balcony! Call Now","1,725",campbell,https://sfbay.craigslist.org/sby/apa/d/campbell-price-drop-open-floor-plan/7712446660.html
"2/bd, Nearby Shopping, Cable Ready","2,595",san jose south,https://sfbay.craigslist.org/sby/apa/d/san-jose-bd-nearby-shopping-cable-ready/7712446646.html
"Located in San Jose, 2bd 2ba, Spacious Floor Plans","3,800",san jose north,https://sfbay.craigslist.org/sby/apa/d/san-jose-located-in-san-jose-2bd-2ba/7712446626.html
"Quartz Countertops & Backsplashes, Dog Park","4,796",burlingame,https://sfbay.craigslist.org/pen/apa/d/burlingame-quartz-countertops/7712446622.html
Bright and Spacious Marina Dist Studio  ~ J.Wavro,"2,300",marina / cow hollow,https://sfbay.craigslist.org/sfc/apa/d/san-francisco-bright-and-spacious/7711424937.html
"Hardwood-Style Flooring, Bocce Ball Court, Dishwasher","2,263",foster city,https://sfbay.craigslist.org/pen/apa/d/san-mateo-hardwood-style-flooring-bocce/7712446616.html
Ground Floor Grey Quarts 2 bedroom!,"3,394",dublin / pleasanton / livermore,https://sfbay.craigslist.org/eby/apa/d/pleasanton-ground-floor-grey-quarts/7712446618.html
"Private Balcony, Reliable Cell Reception, Dishwasher","3,316",palo alto,https://sfbay.craigslist.org/pen/apa/d/palo-alto-private-balcony-reliable-cell/7711126859.html
"Online Rental Payments, Close to Old Alvarado Park, 1BD 1BA","2,488",fremont / union city / newark,https://sfbay.craigslist.org/eby/apa/d/union-city-online-rental-payments-close/7712446558.html
Bright Top Floor Inner Sunset 2bed/1bath w/Parking ~ J.Wavro,"3,200",inner sunset / UCSF,https://sfbay.craigslist.org/sfc/apa/d/san-francisco-bright-top-floor-inner/7711449642.html
Nicely Remodeled Richmond Flat w/Parking&Yard ~ J.Wavro,"4,495",richmond / seacliff,https://sfbay.craigslist.org/sfc/apa/d/san-francisco-nicely-remodeled-richmond/7711452098.html
"Wood-Style Flooring, Package Receiving, Outdoor BBQ","2,342",berkeley,https://sfbay.craigslist.org/eby/apa/d/berkeley-wood-style-flooring-package/7712446454.html
"High-speed internet in area, Dry sauna, Access gate","2,650",fremont / union city / newark,https://sfbay.craigslist.org/eby/apa/d/fremont-high-speed-internet-in-area-dry/7712442444.html
Full renovated Richmond Dist. Single Family Home ~ J.Wavro,"7,250",richmond / seacliff,https://sfbay.craigslist.org/sfc/apa/d/san-francisco-full-renovated-richmond/7711453875.html
2Bed 2Bath Apartment in a Great Location!!!,"3,456",santa clara,https://sfbay.craigslist.org/sby/apa/d/santa-clara-2bed-2bath-apartment-in/7712446410.html
SAVE! SAVE! SAVE! - Get $750 Off 1st Month + 50% Off Deposit,"2,518",petaluma,https://sfbay.craigslist.org/nby/apa/d/petaluma-save-save-save-get-750-off-1st/7712446400.html
Completely Renovated Serene 2bed San Carlos  ~ J.Wavro,"2,995",san carlos,https://sfbay.craigslist.org/pen/apa/d/san-carlos-completely-renovated-serene/7711477293.html
"Additional Storage, 1 bedroom, in Castro Valley CA","2,192",hayward / castro valley,https://sfbay.craigslist.org/eby/apa/d/hayward-additional-storage-bedroom-in/7712446325.html
Spacious and Bright Newer Construction 1bed Luxury Condo ~ J.Wavro,"2,995",san mateo,https://sfbay.craigslist.org/pen/apa/d/san-mateo-spacious-and-bright-newer/7711488282.html
"View #30 Today! Beautiful Corner Apartment, Upstairs, Natural Lighting","1,795",campbell,https://sfbay.craigslist.org/sby/apa/d/campbell-view-30-today-beautiful-corner/7712440998.html
"You Can't Beat This Price, 2x2 Coming Soon - $1500 ON US!","3,850",los gatos,https://sfbay.craigslist.org/sby/apa/d/los-gatos-you-cant-beat-this-price-2x2/7712446309.html
Pac Heights/Cow Hollow 1bed w/Parking & Laundry ~ J.Wavro,"2,895",pacific heights,https://sfbay.craigslist.org/sfc/apa/d/san-francisco-pac-heights-cow-hollow/7711521663.html
Top Floor 4 bed Full Floor Flat - Russian Hill / N. Beach ~ J.Wavro,"5,500",russian hill,https://sfbay.craigslist.org/sfc/apa/d/san-francisco-top-floor-bed-full-floor/7711701605.html
"1 BD, Close to Davey Glen Park, Situated in Belmont!","3,266",belmont,https://sfbay.craigslist.org/pen/apa/d/belmont-bd-close-to-davey-glen-park/7712446254.html
Renovated apartments with stainless steal appliances! + 1 month free!,"2,605",san jose east,https://sfbay.craigslist.org/sby/apa/d/san-jose-renovated-apartments-with/7712446214.html
It‚Äôs time to start living the real life at Bell Uptown District,"2,105",oakland downtown,https://sfbay.craigslist.org/eby/apa/d/oakland-its-time-to-start-living-the/7712446187.html
"Social Lounge with Kitchen, Open Floor Plans, Non-Smoking Community","3,371",milpitas,https://sfbay.craigslist.org/sby/apa/d/milpitas-social-lounge-with-kitchen/7712446160.html
LIMITED FLOORPLAN: Spacious Large 1-Bedroom Corner Home! RENT TODAY!,"3,460",santa clara,https://sfbay.craigslist.org/sby/apa/d/santa-clara-limited-floorplan-spacious/7712446107.html
1 Month for Free on the 2nd Full Month!!!!,"2,395",sunnyvale,https://sfbay.craigslist.org/sby/apa/d/sunnyvale-month-for-free-on-the-2nd/7712446079.html
"Refrigerator, WiFi Available, Playground","2,630",fremont / union city / newark,https://sfbay.craigslist.org/eby/apa/d/fremont-refrigerator-wifi-available/7712446068.html
"February FREE! 2x1.5 in Bennett Valley! Fitness Room, BBQ, Pool!","2,350",santa rosa,https://sfbay.craigslist.org/nby/apa/d/santa-rosa-february-free-2x15-in/7710213862.html
Brand New Senior Apartments OPEN HOUSE 1/30/24 & 2/2/24!!!,"1,500",danville / san ramon,https://sfbay.craigslist.org/eby/apa/d/dublin-brand-new-senior-apartments-open/7712436918.html
"1 Story Mediterranean Bungalow style,","1,750",oakland lake merritt / grand,https://sfbay.craigslist.org/eby/apa/d/oakland-story-mediterranean-bungalow/7703203477.html
Spacious Hardwood Floor Studio/Bath near the SF Opera and Ballet,"1,795",downtown / civic / van ness,https://sfbay.craigslist.org/sfc/apa/d/san-francisco-spacious-hardwood-floor/7712445856.html
"Parking Type: Multiple, Stone Counters","2,352",foster city,https://sfbay.craigslist.org/pen/apa/d/san-mateo-parking-type-multiple-stone/7711819760.html
Remodeled Two Bedrooms/3167 California,"2,795",pacific heights,https://sfbay.craigslist.org/sfc/apa/d/san-francisco-remodeled-two-bedrooms/7712445749.html
2 bedroom 2.5 bath Remodeled Through-out Burlingame,"3,950",san mateo,https://sfbay.craigslist.org/pen/apa/d/burlingame-bedroom-25-bath-remodeled/7706873435.html
Where Modern Sophistication Meets Unparalleled Convenience,"3,495",san mateo,https://sfbay.craigslist.org/pen/apa/d/san-mateo-where-modern-sophistication/7704296791.html
"Espresso Cabinetry, Hardwood-Inspired Flooring, Quartz Countertops","3,023",san jose south,https://sfbay.craigslist.org/sby/apa/d/san-jose-espresso-cabinetry-hardwood/7712445652.html
1BR Spacious and Comfortable. Pet-Friendly.,"2,395",campbell,https://sfbay.craigslist.org/sby/apa/d/san-jose-1br-spacious-and-comfortable/7710462391.html
Cozy Studio in Millbrae!,"1,950",millbrae,https://sfbay.craigslist.org/pen/apa/d/millbrae-cozy-studio-in-millbrae/7706593789.html
Remodeled One Bedroom/940 Post st,"2,100",lower nob hill,https://sfbay.craigslist.org/sfc/apa/d/san-francisco-remodeled-one-bedroom-940/7712445617.html
Beautifully maintained Crestmoor Home,"4,500",san bruno,https://sfbay.craigslist.org/pen/apa/d/san-bruno-beautifully-maintained/7705539029.html
Spacious Burlingame Apartment,"2,395",burlingame,https://sfbay.craigslist.org/pen/apa/d/burlingame-spacious-burlingame-apartment/7706488327.html
COMING SOON! 2 bedroom and 1 bathroom second-floor unit! South San Fra,"3,150",south san francisco,https://sfbay.craigslist.org/pen/apa/d/south-san-francisco-coming-soon-bedroom/7706311824.html
Spacious 2 Bedroom. Available Now!,"1,850",San Jose,https://sfbay.craigslist.org/sby/apa/d/san-jose-spacious-bedroom-available-now/7709543600.html
Remodeled  One Bedroom/766 Sutter,"2,100",downtown / civic / van ness,https://sfbay.craigslist.org/sfc/apa/d/san-francisco-remodeled-one-bedroom-766/7712445515.html
Coming Soon! 2 bedroom and 1 bathroom second-floor unit! South San Fra,"3,250",south san francisco,https://sfbay.craigslist.org/pen/apa/d/south-san-francisco-coming-soon-bedroom/7706312844.html
*****SPECIAL INCENTIVE! 50% OFF FIRST Excellent San Francisco Location,"2,200",mission district,https://sfbay.craigslist.org/sfc/apa/d/san-francisco-special-incentive-50-off/7706300085.html
Available Now!!Move in Special!! - Located in Downtown,734,South San Francisco,https://sfbay.craigslist.org/sfc/apa/d/south-san-francisco-available-nowmove/7712445468.html
3 Bed/2.5 Bath Townhouse,"2,600",santa rosa,https://sfbay.craigslist.org/nby/apa/d/santa-rosa-bed-25-bath-townhouse/7710448662.html
"Dishwasher, Swimming Pool, Wood Style Flooring","2,497",fremont / union city / newark,https://sfbay.craigslist.org/eby/apa/d/fremont-dishwasher-swimming-pool-wood/7711121336.html
Remodeled Furnished Studio/620 Jones st,"1,400",downtown / civic / van ness,https://sfbay.craigslist.org/sfc/apa/d/san-francisco-remodeled-furnished/7712445368.html
Remodeled Studio/625 Taylor,"1,700",lower nob hill,https://sfbay.craigslist.org/sfc/apa/d/san-francisco-remodeled-studio-625/7712445256.html
"Polished quartz countertops, High-gloss cabinets, Tour Today","3,980",SOMA / south beach,https://sfbay.craigslist.org/sfc/apa/d/san-francisco-polished-quartz/7712445253.html
"Community Playground, Business Center, Fireplace","3,668",sunnyvale,https://sfbay.craigslist.org/sby/apa/d/sunnyvale-community-playground-business/7712445143.html
Beautiful and cozy apartment!!!,"1,920",oakland downtown,https://sfbay.craigslist.org/eby/apa/d/oakland-beautiful-and-cozy-apartment/7712445098.html
"Situated in Dublin!, 2/bd, Refrigerator","2,462",dublin / pleasanton / livermore,https://sfbay.craigslist.org/eby/apa/d/dublin-situated-in-dublin-bd/7712445096.html
Minutes to historic downtown Campbell!,"2,995",campbell,https://sfbay.craigslist.org/sby/apa/d/campbell-minutes-to-historic-downtown/7712445074.html
"Lafayette CA, Mini Blinds, 1BD 1BA","2,270",lafayette / orinda / moraga,https://sfbay.craigslist.org/eby/apa/d/lafayette-lafayette-ca-mini-blinds-1bd/7712445068.html
Seabright Delight! 2 Bedroom House next to Ocean View Park!,"3,849",santa cruz,https://sfbay.craigslist.org/scz/apa/d/santa-cruz-seabright-delight-bedroom/7704591270.html
"Pet Friendly, Environmentally Friendly Community, Fitness Room",884,san jose south,https://sfbay.craigslist.org/sby/apa/d/san-jose-pet-friendly-environmentally/7712444765.html
"2/BD, Online Payments Available, Laundry Facilities","1,350",sonoma,https://sfbay.craigslist.org/nby/apa/d/santa-rosa-bd-online-payments-available/7712444745.html
Beautiful & Spacious Home | LVP Flooring | Central A/C,"3,995",san jose east,https://sfbay.craigslist.org/sby/apa/d/san-jose-beautiful-spacious-home-lvp/7708586407.html
Awesome Home | Ocean Views | Desirable Location,"5,195",santa cruz,https://sfbay.craigslist.org/scz/apa/d/santa-cruz-awesome-home-ocean-views/7704182714.html
Gorgeous Home | Stylish Remodel | Cupertino Schools,"4,695",san jose west,https://sfbay.craigslist.org/sby/apa/d/san-jose-gorgeous-home-stylish-remodel/7708164603.html
"Studio, Green Community, High Ceilings with Skylights","2,390",redwood city,https://sfbay.craigslist.org/pen/apa/d/redwood-city-studio-green-community/7712444490.html
"Tile backsplashes, Cool LED lighting, Amazing views","2,604",western addition,https://sfbay.craigslist.org/sfc/apa/d/san-francisco-tile-backsplashes-cool/7712444408.html
"Resident Ambassador, Community Bicycles, BBQ & Fire Pits","3,531",hayes valley,https://sfbay.craigslist.org/sfc/apa/d/san-francisco-resident-ambassador/7712444378.html
Park Lane Villas - First Month only $1 Dollar,"2,349",santa rosa,https://sfbay.craigslist.org/nby/apa/d/santa-rosa-park-lane-villas-first-month/7709173233.html
Deals you do NOT want to miss!! up to 4 WEEKS FREE of rent!,"3,579",cupertino,https://sfbay.craigslist.org/sby/apa/d/cupertino-deals-you-do-not-want-to-miss/7712444165.html
"Public Parks Nearby, Microwave, Breakfast Bar","2,375",alameda,https://sfbay.craigslist.org/eby/apa/d/emeryville-public-parks-nearby/7712444167.html
Charming & Spacious 2 Bedroom on 1st floor!,"2,850",lower nob hill,https://sfbay.craigslist.org/sfc/apa/d/san-francisco-charming-spacious-bedroom/7704980992.html
"Call for Details, We Love Pets, Granite Countertops","3,501",oakland downtown,https://sfbay.craigslist.org/eby/apa/d/oakland-call-for-details-we-love-pets/7712444083.html
"Large 1 bedroom, In-unit laundry, open floorplan, updated kitchen!","2,600",lower nob hill,https://sfbay.craigslist.org/sfc/apa/d/san-francisco-large-bedroom-in-unit/7704981725.html
"Bright studio, on site laundry, elevator!","1,650",lower nob hill,https://sfbay.craigslist.org/sfc/apa/d/san-francisco-bright-studio-on-site/7704982414.html
"BEAUTIFUL APARTMENT HOME, GREAT NEIGHBORHOOD","2,628",santa clara,https://sfbay.craigslist.org/sby/apa/d/santa-clara-beautiful-apartment-home/7708096774.html
"Barbecue Area, Resident Lounge, Refrigerator","2,385",campbell,https://sfbay.craigslist.org/sby/apa/d/campbell-barbecue-area-resident-lounge/7712443813.html
"24/7 Fitness Center, Swimming Pool, Laundry On Site, & FREE PARKING!","2,100",walnut creek,https://sfbay.craigslist.org/eby/apa/d/walnut-creek-24-fitness-center-swimming/7708801947.html
January Move-In Specials!,"2,000",walnut creek,https://sfbay.craigslist.org/eby/apa/d/walnut-creek-january-move-in-specials/7708803796.html
Welcome Home to Newell Vista Apartments!,"2,100",walnut creek,https://sfbay.craigslist.org/eby/apa/d/walnut-creek-welcome-home-to-newell/7708544613.html
